s_m,x_m,y_m,psi_rad,kappa_radpm,vx_mps,ax_mps2
0.0000000,-32.2406904,19.4057770,-2.5311378,0.0843093,11.3588609,1.0414556
1.9966847,-30.9688878,17.8637563,-2.3782673,0.0678093,11.5404782,2.8857332
3.9933693,-29.5051172,16.5116502,-2.2602114,0.0518241,12.0293988,4.4102813
5.9900540,-27.9072269,15.3167785,-2.1698737,0.0388082,12.7404206,5.1985511
7.9867386,-26.2191454,14.2468665,-2.1063013,0.0245960,13.5306339,5.1855762
9.9834233,-24.4818590,13.2620680,-2.0709452,0.0121289,14.2753625,5.1726338
11.9801080,-22.7224499,12.3212383,-2.0557860,0.0030077,14.9813955,5.1597236
13.9767926,-20.9527960,11.3934900,-2.0512735,0.0028372,15.6539737,5.1468457
15.9734773,-19.1819434,10.4777500,-2.0447171,0.0028851,16.2972436,5.1339999
17.9701619,-17.4035657,9.5702898,-2.0413355,0.0005010,16.9145531,5.1211862
19.9668466,-15.6245934,8.6653822,-2.0417566,-0.0007620,17.5086520,5.1084044
21.9635313,-13.8457345,7.7571172,-2.0443875,-0.0019429,18.0818317,5.0956546
23.9602159,-12.0708261,6.8421111,-2.0496398,-0.0033165,18.6360261,5.0829366
25.9569006,-10.3023108,5.9154551,-2.0577423,-0.0048197,19.1728848,5.0702503
27.9535852,-8.5425345,4.9717272,-2.0687168,-0.0058414,19.6938289,5.0575957
29.9502699,-6.7938823,4.0078419,-2.0804527,-0.0059133,20.2000926,5.0449727
31.9469545,-5.0567858,3.0237229,-2.0918435,-0.0054071,20.6927567,5.0323811
33.9436392,-3.3302072,2.0207849,-2.1020454,-0.0048461,21.1727735,5.0198210
35.9403239,-1.6134127,1.0011504,-2.1112658,-0.0043896,21.6409874,5.0072923
37.9370085,0.0942709,-0.0334051,-2.1195419,-0.0038939,22.0981516,4.9947948
39.9336932,1.7940409,-1.0813200,-2.1268175,-0.0033952,22.5449410,4.9823285
41.9303778,3.4865562,-2.1406678,-2.1331064,-0.0029046,22.9819634,4.9698933
43.9270625,5.1730791,-3.2099272,-2.1384156,-0.0024123,23.4097685,4.9574892
45.9237472,6.8542982,-4.2872129,-2.1427410,-0.0019199,23.8288554,4.9451160
47.9204318,8.5312630,-5.3708624,-2.1460815,-0.0014262,24.2396787,-3.9043360
49.9171165,10.2056521,-6.4596222,-2.1484408,-0.0009372,23.9159061,-11.8210776
51.9138011,11.8774546,-7.5511559,-2.1498209,-0.0004392,22.9077419,-12.0975971
53.9104858,13.5482730,-8.6441291,-2.1501787,0.0000818,21.8278369,-12.0661227
55.9071705,15.2195612,-9.7370862,-2.1495994,0.0004706,20.6946848,-11.9351898
57.9038551,16.8907565,-10.8277459,-2.1483158,0.0007953,19.5091866,-11.8592741
59.9005398,18.5644956,-11.9163092,-2.1464750,0.0010473,18.2551335,-11.7934596
61.8972244,20.2387983,-13.0002408,-2.1440961,0.0013468,16.9160947,-11.3181000
63.8939091,21.9182504,-14.0809854,-2.1405576,0.0034550,15.5227867,-10.2057075
65.8905938,23.6059573,-15.1491256,-2.1275060,0.0095874,14.1492666,-5.8934486
67.8872784,25.3089366,-16.1722846,-2.0867684,0.0351903,13.2916150,-3.2064357
69.8839631,27.0955989,-17.0836363,-1.9911283,0.0542893,12.8008807,-2.7994818
71.8806477,28.9662345,-17.7980608,-1.8779187,0.0608839,12.3565037,-2.4113978
73.8773324,30.9332380,-18.2863861,-1.7526558,0.0563793,11.9605009,-3.7492744
75.8740171,32.8893848,-18.5428038,-1.6517578,0.0554042,11.3173029,-0.0798515
77.8707017,34.8742407,-18.5655264,-1.4996590,0.0939243,11.3032061,-0.0798515
79.8673864,36.8189444,-18.2495192,-1.3267897,0.0764366,11.2890917,2.1789869
81.8640710,38.7101327,-17.6365820,-1.1930864,0.0608675,11.6681228,3.6280942
83.8607557,40.5427422,-16.7832782,-1.0804665,0.0504598,12.2732803,4.3049234
85.8574403,42.2529985,-15.7632597,-0.9873132,0.0451164,12.9547119,4.3234625
87.8541250,43.8845233,-14.5750583,-0.8964510,0.0411359,13.6047691,4.2704803
89.8508097,45.3880538,-13.2808528,-0.8283096,0.0272047,14.2177124,5.1736604
91.8474943,46.8334149,-11.8975202,-0.7932425,0.0067284,14.9266099,5.1607477
93.8441790,48.2418615,-10.5100509,-0.7943724,0.0020437,15.6016812,5.1478672
95.8408636,49.6635630,-9.0926831,-0.7744175,0.0171044,16.2471471,5.1350189
97.8375483,51.0274719,-7.6490445,-0.7391979,0.0184945,16.8664109,-2.5625221
99.8342330,52.3586778,-6.1306694,-0.7003334,0.0185170,16.5602754,-7.0159825
101.8309176,53.6147508,-4.5860773,-0.6658276,0.0164751,15.6915681,-5.8961190
103.8276023,54.8251040,-2.9817087,-0.6225788,0.0280360,14.9224639,-3.2074708
105.8242869,55.9274312,-1.3371745,-0.5537295,0.0425199,14.4869360,-0.1308430
107.8209716,56.8932972,0.4059841,-0.4531699,0.0573206,14.4688911,-0.1308430
109.8176563,57.6618960,2.2372046,-0.3429745,0.0532170,14.4508237,0.7563664
111.8143409,58.2348612,4.1450752,-0.2422910,0.0480011,14.5549564,1.6987156
113.8110256,58.6246385,6.1148610,-0.1495740,0.0440565,14.7861542,2.2312668
115.8077102,58.8403115,8.0957121,-0.0699046,0.0362945,15.0844499,3.5993050
117.8043949,58.9121271,10.0975024,-0.0046044,0.0280551,15.5535842,5.0618837
119.8010796,58.8715580,12.0927971,0.0422728,0.0190774,16.1903660,5.1361700
121.7977642,58.7531134,14.0915319,0.0738880,0.0124251,16.8118582,5.1233509
123.7944489,58.5857651,16.0785706,0.0920503,0.0061003,17.4097102,5.1105637
125.7911335,58.3943112,18.0629440,0.0983440,0.0001730,17.9862830,5.0978085
127.7878182,58.1993116,20.0504200,0.0966468,-0.0017668,18.5435652,5.0850851
129.7845029,58.0113570,22.0384646,0.0912296,-0.0037175,19.0832500,5.0723935
131.7811875,57.8382660,24.0269626,0.0817314,-0.0058021,19.6067940,5.0597335
133.7778722,57.6884329,26.0184148,0.0676074,-0.0083564,20.1154606,5.0471052
135.7745568,57.5717133,28.0109259,0.0489870,-0.0096126,20.6103545,5.0345083
137.7712415,57.4929312,30.0062476,0.0300170,-0.0093778,21.0924480,5.0219429
139.7679261,57.4509413,32.0014483,0.0124701,-0.0081875,21.5626027,5.0094089
141.7646108,57.4415764,33.9980852,-0.0027201,-0.0070797,22.0215861,4.9969061
143.7612955,57.4604756,35.9956413,-0.0158724,-0.0060908,22.4700856,4.9844345
145.7579801,57.5035882,37.9910328,-0.0269850,-0.0050463,22.9087196,4.9719941
147.7546648,57.5668458,39.9871044,-0.0360341,-0.0040197,23.3380471,4.9595847
149.7513494,57.6461333,41.9826569,-0.0430527,-0.0030112,23.7585752,-9.1711658
151.7480341,57.7374080,43.9773827,-0.0480675,-0.0020130,22.9749003,-11.2643092
153.7447188,57.8367159,45.9720495,-0.0510880,-0.0010028,21.9741552,-11.8169131
155.7414034,57.9399692,47.9656762,-0.0520590,0.0000311,20.8728101,-11.8721337
157.7380881,58.0432466,49.9609079,-0.0510681,0.0009543,19.7044255,-11.5007414
159.7347727,58.1426346,51.9551788,-0.0481534,0.0020834,18.5023695,-11.1412003
161.7314574,58.2336084,53.9487197,-0.0425779,0.0035084,17.2582372,-10.6616405
163.7281421,58.3101581,55.9444973,-0.0332898,0.0058679,15.9771988,-8.7400135
165.7248267,58.3623992,57.9373236,-0.0161610,0.0154183,14.8448234,-5.3961058
167.7215114,58.3513566,59.9351172,0.0333634,0.0338404,14.1003595,-3.9212200
169.7181960,58.2103720,61.9179832,0.1120945,0.0447325,13.5337082,-3.8480035
171.7148807,57.8907966,63.9008635,0.2083677,0.0467308,12.9535616,-3.9922842
173.7115654,57.3902072,65.8342534,0.2973149,0.0436516,12.3228281,-5.3578663
175.7082500,56.7161901,67.7262491,0.3882772,0.0467009,11.4217404,-5.5260696
177.7049347,55.8776105,69.5283150,0.4866146,0.0603539,10.4109806,-2.0168616
179.7016193,54.8232624,71.2125992,0.6452477,0.1001236,10.0167083,-1.2181242
181.6983040,53.4595418,72.6759893,0.8591904,0.1135597,9.7708764,-0.1715108
183.6949887,51.8128343,73.7867186,1.0994566,0.1254177,9.7357649,-0.0590932
185.6916733,49.9477764,74.4566421,1.3533754,0.1269181,9.7236381,-0.0590932
187.6883580,47.9639998,74.6452867,1.5942401,0.1139256,9.7114961,0.2411173
189.6850426,45.9931547,74.3733208,1.8250877,0.1228193,9.7609440,-0.1368801
191.6817273,44.1308793,73.6200595,2.0867637,0.1258566,9.7329037,-0.0590585
193.6784119,42.5380002,72.4385028,2.3315320,0.1269928,9.7207804,-0.0590585
195.6750966,41.2792250,70.8857138,2.5879679,0.1233292,9.7086420,0.3163578
197.6717813,40.4438871,69.1080682,2.8097903,0.1020026,9.7734878,2.1969040
199.6684659,39.9724210,67.1703630,2.9849407,0.0652465,10.2124489,5.1299888
201.6651506,39.7513087,65.1804914,3.0593190,0.0123371,11.1704992,5.2220125
203.6618352,39.5847896,63.1721819,3.0468605,-0.0230897,12.0678696,-0.0933693
205.6585199,39.3237479,61.1781190,2.9649548,-0.0514050,12.0524113,-4.3420337
207.6552046,38.8747320,59.2360980,2.8643903,-0.0496326,11.3102288,-0.0802504
209.6518892,38.2207754,57.3651919,2.7294238,-0.0940394,11.2960526,-0.0795520
211.6485739,37.2501400,55.6470176,2.5256391,-0.0942780,11.2819823,-0.0795520
213.6452585,35.9501112,54.1135123,2.3566701,-0.0766777,11.2678944,2.1852313
215.6419432,34.4570515,52.7972748,2.2434873,-0.0363210,11.6486858,5.2151926
217.6386279,32.8795311,51.5995931,2.2080110,-0.0021674,12.5107182,-2.3748751
219.6353125,31.2711687,50.3917479,2.2304057,0.0245526,12.1257708,-4.6507488
221.6319972,29.7465591,49.1196949,2.3128429,0.0578345,11.3341148,-4.0738153
223.6286818,28.3401293,47.6419874,2.4529972,0.0712722,10.5921627,-2.1296874
225.6253665,27.2022360,46.0268845,2.6104626,0.0958163,10.1827934,-1.2194524
227.6220512,26.3570344,44.1883579,2.8067704,0.0854871,9.9408027,-1.6073643
229.6187358,25.8580050,42.3050201,2.9692108,0.1130985,9.6125313,-0.0576067
231.6154205,25.7745479,40.3367454,-3.0469567,0.1301932,9.6005580,-0.0576067
233.6121051,26.1985011,38.3709418,-2.8216527,0.0992624,9.5885697,2.8162902
235.6087898,26.9876840,36.5533267,-2.6519405,0.0716265,10.1581079,4.5445764
237.6054745,28.0485170,34.8391345,-2.5307770,0.0476090,11.0152316,5.2241654
239.6021591,29.2602021,33.2471264,-2.4586275,0.0254132,11.9246530,-2.7145263
241.5988438,30.5577099,31.7007237,-2.4420077,-0.0134994,11.4611188,-5.8068203
243.5955284,31.7909960,30.1430095,-2.5174873,-0.0578799,10.4004070,-3.9837111
245.5922131,32.8414353,28.4567505,-2.6613286,-0.0875130,9.6052088,-0.9202382
247.5888977,33.5817448,26.6074808,-2.8732979,-0.1256997,9.4119703,-0.1214146
249.5855824,33.8476018,24.6426747,3.1396717,-0.1354552,9.3861777,-0.0549256
251.5822671,33.5756127,22.6734418,2.8675642,-0.1365483,9.3744863,-0.0549256
253.5789517,32.8005185,20.8448605,2.6243977,-0.1051553,9.3627803,2.7271261
255.5756364,31.6566126,19.2290706,2.4263487,-0.1025218,9.9273398,1.8346707
257.5723210,30.1830191,17.8587652,2.2133301,-0.0994118,10.2897324,1.4082424
259.5690057,28.4785507,16.8118768,2.0358353,-0.0814299,10.5594614,2.8506977
261.5656904,26.6222733,16.0571589,1.8820329,-0.0698581,11.0854010,3.3386052
263.5623750,24.6983686,15.5708186,1.7594930,-0.0576797,11.6712638,4.0578319
265.5590597,22.7206437,15.3115567,1.6421826,-0.0595129,12.3459637,2.8336124
267.5557443,20.7305682,15.2867355,1.5250226,-0.0578226,12.7960338,2.4298865
269.5524290,18.7423641,15.4924165,1.4108991,-0.0562248,13.1697348,2.1398625
271.5491137,16.7920479,15.9193574,1.3001226,-0.0548807,13.4902622,1.8986829
273.5457983,14.9014328,16.5565248,1.1918323,-0.0535701,13.7684174,1.7262625
275.5424830,13.0865317,17.3939137,1.0853919,-0.0527135,14.0165232,1.5209644
277.5391676,11.3718721,18.4158757,0.9816819,-0.0513663,14.2315387,1.4698565
279.5358523,9.7688695,19.6096978,0.8802294,-0.0498070,14.4362867,1.4896422
281.5325370,8.2955398,20.9544202,0.7821641,-0.0484896,14.6408697,1.4720472
283.5292216,6.9553745,22.4386853,0.6873617,-0.0464569,14.8402660,1.6309845
285.5259063,5.7590985,24.0406695,0.5961321,-0.0445072,15.0581080,1.7664198
287.5225909,4.7148980,25.7340124,0.5096921,-0.0424516,15.2905390,1.9286705
289.5192756,3.8119955,27.5210389,0.4266522,-0.0404786,15.5403500,2.0733730
291.5159603,3.0596421,29.3677908,0.3476017,-0.0387757,15.8045000,0.7642843
293.5126449,2.4531033,31.2619743,0.2727621,-0.0384225,15.9007638,-0.1952206
295.5093296,1.9960698,33.2034474,0.1866142,-0.0474592,15.8762307,-0.1571420
297.5060142,1.7215315,35.1738890,0.0904694,-0.0477275,15.8564554,-0.1571420
299.5026989,1.6352342,37.1719048,-0.0032860,-0.0446654,15.8366553,0.6411834
301.4993835,1.7265820,39.1686923,-0.0860418,-0.0383529,15.9172904,2.1245606
303.4960682,1.9692123,41.1499029,-0.1549364,-0.0304315,16.1816034,3.8680326
305.4927529,2.3328872,43.1168489,-0.2081118,-0.0224646,16.6520500,5.1266933
307.4894375,2.7834021,45.0617152,-0.2442528,-0.0137681,17.2558266,5.1138978
309.4861222,3.2880221,46.9944833,-0.2640197,-0.0061377,17.8377474,5.1011342
311.4828068,3.8153580,48.9178017,-0.2686402,0.0015252,18.3998898,-7.6159225
313.4794915,4.3374978,50.8451656,-0.2579290,0.0091786,17.5539954,-7.5338295
315.4761762,4.8237438,52.7795638,-0.2321040,0.0166870,16.6750530,-5.9233381
317.4728608,5.2456211,54.7302509,-0.1913091,0.0245109,15.9500255,-4.3756986
319.4695455,5.5717706,56.7012182,-0.1339073,0.0328046,15.3925155,-4.0741477
321.4662301,5.7703602,58.6883546,-0.0642306,0.0365439,14.8546275,-3.8142889
323.4629148,5.8228848,60.6884723,0.0131067,0.0404721,14.3327629,-3.7549000
325.4595995,5.7140888,62.6808449,0.0971447,0.0439215,13.7997605,-3.0484776
327.4562841,5.4281307,64.6660433,0.1913386,0.0508412,13.3513929,-2.3749639
329.4529688,4.9434105,66.6019575,0.3019867,0.0576536,12.9913658,-2.2161994
331.4496534,4.2445520,68.4635978,0.4161786,0.0574431,12.6461647,-1.6603415
333.4463381,3.3334991,70.2264848,0.5418525,0.0680744,12.3812409,-1.4344505
335.4430228,2.2001105,71.8497894,0.6783334,0.0722234,12.1477091,-0.0919997
337.4397074,0.8200083,73.3164905,0.8355002,0.0815220,12.1325779,-0.0919997
339.4363921,-0.7538420,74.5409767,0.9775524,0.0629500,12.1174279,2.6651524
341.4330767,-2.4766859,75.5582463,1.0952825,0.0563088,12.5489042,3.0343519
343.4297614,-4.2943439,76.3730453,1.2012388,0.0506676,13.0227602,2.7961983
345.4264461,-6.1846160,76.9885306,1.3149923,0.0632897,13.4446471,-0.3293052
347.4231307,-8.1401517,77.3647700,1.4470808,0.0656633,13.3956522,-0.1689730
349.4198154,-10.1437239,77.4826355,1.5762220,0.0633524,13.3704423,-0.5480824
351.4165000,-12.1346115,77.3486148,1.6986694,0.0600935,13.2883419,-1.3568950
353.4131847,-14.1069281,76.9726196,1.8195953,0.0593092,13.0828685,-1.7868657
355.4098693,-16.0076160,76.3695319,1.9362230,0.0585028,12.8072571,-2.1548359
357.4065540,-17.8444968,75.5406385,2.0514369,0.0541791,12.4667870,-3.4579024
359.4032387,-19.5482940,74.5372328,2.1539575,0.0537251,11.9000881,-4.4294985
361.3999233,-21.1415829,73.3518452,2.2689588,0.0597785,11.1320921,-1.3490851
363.3966080,-22.5730220,71.9741225,2.4160708,0.0904788,10.8874276,-0.0794391
365.3932926,-23.7426927,70.3589900,2.6167437,0.1014597,10.8728492,-0.0737028
367.3899773,-24.5641673,68.5344007,2.8211310,0.1017600,10.8593060,-0.0737028
369.3866620,-25.0058089,66.5859655,3.0129256,0.0918268,10.8457459,1.1248734
371.3833466,-25.0890999,64.6025762,-3.1066945,0.0642149,11.0508932,4.0816062
373.3800313,-24.9219308,62.6257440,-3.0181991,0.0374659,11.7652710,5.2134865
375.3767159,-24.5935181,60.6500737,-2.9322771,0.0472296,12.6190720,4.3795812
377.3734006,-24.0852109,58.7168496,-2.8361917,0.0495621,13.2939935,2.3567155
379.3700853,-23.3818479,56.8365828,-2.7298575,0.0501581,13.6433683,-1.6436051
381.3667699,-22.5077705,55.0462341,-2.6529300,0.0263087,13.4006707,-7.0762889
383.3634546,-21.5440027,53.2960484,-2.6371814,-0.0130934,12.3012089,-4.7963281
385.3601392,-20.6319852,51.5318099,-2.7059148,-0.0551296,11.4963573,-1.5262336
387.3568239,-19.9124542,49.6742600,-2.8477550,-0.0837030,11.2281529,-0.7616968
389.3535086,-19.4924834,47.7189588,-3.0072955,-0.0732402,11.0918745,-2.8033665
391.3501932,-19.3711736,45.7062979,3.1262667,-0.0747552,10.5751975,-2.8585337
393.3468779,-19.5440846,43.7125319,2.9878274,-0.0630261,10.0209591,-2.4736254
395.3435625,-19.9830861,41.7634320,2.8359874,-0.1058405,9.5153309,-0.0564476
397.3402472,-20.8009806,39.9798929,2.5761504,-0.1328667,9.5034786,-0.0564476
399.3369319,-22.0616670,38.4333462,2.3525662,-0.0929717,9.4916116,3.5678090
401.3336165,-23.5773862,37.1717826,2.1833422,-0.0749429,10.2146106,4.1153790
403.3303012,-25.2711220,36.1357309,2.0697720,-0.0361818,10.9896541,5.2245172
405.3269858,-27.0766138,35.2094902,2.0306512,-0.0027937,11.9010892,-4.2753476
407.3236705,-28.8621809,34.3004585,2.0667731,0.0394903,11.1607743,-4.9747997
409.3203551,-30.5816900,33.2463390,2.1838981,0.0677255,10.2321391,-4.1331923
411.3170398,-32.1062403,31.9998108,2.3353086,0.0898266,9.3910227,-0.3781851
413.3137245,-33.3885319,30.4754989,2.5644521,0.1347006,9.3102671,-0.0923722
415.3104091,-34.2397626,28.6736216,2.8333576,0.1324002,9.2904358,-0.0538108
417.3070938,-34.5717809,26.7061006,3.1220538,0.1393772,9.2788637,-0.0538108
419.3037784,-34.3902611,24.7305253,-2.9683320,0.0511642,9.2672771,5.2463235
421.3004631,-33.9331576,22.8212680,-2.8326299,0.0836155,10.3360017,3.0003441
423.2971478,-33.1736647,20.9800126,-2.6723695,0.0744887,10.9002025,3.0754068
425.2938324,-32.1188864,19.2456681,-2.5143072,0.0824721,11.4497008,1.1063336
427.2905171,-30.8261141,17.7244295,-2.3657084,0.0657438,11.6410329,3.0061230
429.2872017,-29.3470954,16.3874403,-2.2509152,0.0505189,12.1457074,4.4553374
431.2838864,-27.7397813,15.2056323,-2.1629267,0.0377754,12.8572942,5.1966812
433.2805711,-26.0454427,14.1454397,-2.1016909,0.0234336,13.6404649,5.1837111
435.2772557,-24.3038910,13.1664362,-2.0681367,0.0114953,14.3792474,5.1707733
437.2739404,-22.5439208,12.2300667,-2.0544468,0.0021747,15.0801712,5.1578678
439.2706250,-20.7721421,11.3042963,-2.0496992,0.0030433,15.7482962,5.1449945
441.2673097,-18.9995838,10.3915153,-2.0430538,0.0026965,16.3876385,5.1321533
443.2639944,-17.2198069,9.4866273,-2.0400754,0.0002860,17.0014494,5.1193442
445.2606790,-15.4398061,8.5837600,-2.0407115,-0.0008667,17.5924050,5.1065671
447.2573637,-13.6602640,7.6772295,-2.0435963,-0.0020997,18.1627399,5.0938218
449.2540483,-11.8846515,6.7632674,-2.0491868,-0.0034979,18.7143429,5.0811084
451.2507330,-10.1160000,5.8371016,-2.0577103,-0.0050482,19.2488279,5.0684266
453.2474177,-8.3564640,4.8930894,-2.0690505,-0.0059437,19.7675864,5.0557766
455.2441023,-6.6081583,3.9283968,-2.0809965,-0.0060209,20.2718291,5.0431581
457.2407870,-4.8717110,2.9432827,-2.0924721,-0.0054387,20.7626166,5.0305711
459.2374716,-3.1458209,1.9392201,-2.1027424,-0.0048872,21.2408846,5.0180155
461.2341563,-1.4296737,0.9182588,-2.1120407,-0.0044261,21.7074634,5.0054913
463.2308409,0.2771130,-0.1176337,-2.1203751,-0.0039200,22.1630941,4.9929983
465.2275256,1.9759903,-1.1670099,-2.1276981,-0.0034168,22.6084415,4.9805365
467.2242103,3.6675562,-2.2278847,-2.1340253,-0.0029213,23.0441045,4.9681058
469.2208949,5.3530807,-3.2987180,-2.1393617,-0.0024233,23.4706249,4.9557061
471.2175796,7.0333492,-4.3776609,-2.1437042,-0.0019255,23.8884951,4.9433374
473.2142642,8.7090982,-5.4628229,-2.1470503,-0.0014265,24.2981639,-5.8622823
475.2109489,10.3825347,-6.5532696,-2.1494064,-0.0009331,23.8115625,-11.8249903
477.2076336,12.0534618,-7.6465196,-2.1507708,-0.0004262,22.7984420,-12.1034562
479.2043182,13.7228730,-8.7408006,-2.1510946,0.0001030,21.7125628,-12.0654301
481.2010029,15.3933716,-9.8354071,-2.1505048,0.0004704,20.5731297,-11.9430137
483.1976875,17.0635296,-10.9275557,-2.1492353,0.0007767,19.3793912,-11.8719704
485.1943722,18.7364185,-12.0178108,-2.1474448,0.0010152,18.1149563,-11.8074629
487.1910569,20.4095349,-13.1033515,-2.1451294,0.0013102,16.7630570,-11.2010470
489.1877415,22.0875075,-14.1855146,-2.1412520,0.0040065,15.3710820,-10.1383900
491.1844262,23.7759472,-15.2544555,-2.1270973,0.0101335,13.9922774,-5.4717224
493.1811108,25.4810670,-16.2724701,-2.0810056,0.0381582,13.1883744,-3.3286199
495.1777955,27.2755332,-17.1691209,-1.9814891,0.0546049,12.6744156,-2.7111124
497.1744802,29.1522442,-17.8636441,-1.8663405,0.0626277,12.2398667,-2.2060388
499.1711648,31.1262760,-18.3286645,-1.7413177,0.0556166,11.8745446,-4.1694132
501.1678495,33.0890490,-18.5635484,-1.6382974,0.0607931,11.1514485,-0.0775283
503.1645341,35.0668251,-18.5504725,-1.4779119,0.0967389,11.1375583,-0.0775283
505.1612188,37.0098190,-18.1931684,-1.3082156,0.0734274,11.1236507,2.8370832
507.1579035,38.8863891,-17.5528987,-1.1804443,0.0585434,11.6217523,4.0084171
509.1545881,40.7090042,-16.6813801,-1.0726089,0.0480789,12.2911438,4.6421876
511.1512728,42.4176892,-15.6476458,-0.9819282,0.0446952,13.0234475,4.3132283
513.1479574,44.0429128,-14.4516749,-0.8928080,0.0390841,13.6687417,4.5809632
515.1446421,45.5421491,-13.1584638,-0.8304350,0.0232951,14.3222895,5.1717950
517.1413267,46.9999258,-11.7864411,-0.8099737,-0.0036325,15.0260063,5.1588870
519.1380114,48.4504224,-10.4341294,-0.8315479,-0.0069619,15.6965667,5.1460111
521.1346961,49.9316645,-9.0876231,-0.8291226,0.0089578,16.3380577,-6.7270322
523.1313807,51.3812851,-7.7236905,-0.7983013,0.0218295,15.4941474,-4.3279206
525.1280654,52.7773940,-6.2903722,-0.7417765,0.0350620,14.9260048,-1.4285118
527.1247500,54.0691309,-4.7628007,-0.6573018,0.0493233,14.7336704,-0.1353379
529.1214347,55.2172566,-3.1076092,-0.5535790,0.0554169,14.7153182,-0.1353379
531.1181194,56.1669596,-1.3465885,-0.4364520,0.0515441,14.6969431,0.7314709
533.1148040,56.9273312,0.4711557,-0.3673775,0.0198766,14.7959849,5.1631743
535.1114887,57.5878505,2.3335365,-0.3086287,0.0367195,15.4770679,1.2020350
537.1081733,58.1210159,4.2525997,-0.2326648,0.0397175,15.6313723,-0.1523322
539.1048580,58.5020532,6.2424497,-0.1417632,0.0492345,15.6119019,-0.1523322
541.1015427,58.6936793,8.2362057,-0.0533047,0.0389721,15.5924072,2.3730245
543.0982273,58.7304311,10.2279057,0.0112967,0.0237180,15.8933799,5.1421253
545.0949120,58.6746158,12.2173514,0.0378723,0.0038862,16.5267641,5.1292913
547.0915966,58.5941477,14.2118081,0.0413568,-0.0003805,17.1352586,5.1164893
549.0882813,58.5146105,16.2074851,0.0377591,-0.0021896,17.7214310,5.1037193
551.0849660,58.4435950,18.2031328,0.0333797,-0.0021839,18.2874316,5.0909812
553.0816506,58.3812042,20.1985804,0.0291895,-0.0020142,18.8350822,5.0782748
555.0783353,58.3268376,22.1945337,0.0253198,-0.0018741,19.3659430,5.0656002
557.0750199,58.2799372,24.1909448,0.0216959,-0.0017537,19.8813621,5.0529571
559.0717046,58.2400233,26.1870251,0.0183393,-0.0016089,20.3825142,5.0403457
561.0683893,58.2065296,28.1834510,0.0152398,-0.0015197,20.8704300,5.0277657
563.0650739,58.1790975,30.1801614,0.0122510,-0.0014753,21.3460200,5.0152171
565.0617586,58.1575663,32.1766419,0.0093233,-0.0014576,21.8100937,5.0026999
567.0584432,58.1418434,34.1733561,0.0064324,-0.0014358,22.2633738,4.9902139
569.0551279,58.1318454,36.1700443,0.0035905,-0.0014109,22.7065097,4.9777590
571.0518125,58.1274731,38.1668133,0.0007968,-0.0013874,23.1400867,4.9653352
573.0484972,58.1286326,40.1636062,-0.0019502,-0.0013635,23.5646351,4.9529425
575.0451819,58.1352275,42.1600976,-0.0046483,-0.0013395,23.9806371,-10.9859278
577.0418665,58.1471651,44.1570359,-0.0072996,-0.0013159,23.0477784,-11.6328550
579.0385512,58.1643485,46.1537610,-0.0099032,-0.0012909,22.0169436,-11.6771150
581.0352358,58.1866720,48.1499234,-0.0124536,-0.0012646,20.9311913,-11.7196825
583.0319205,58.2140558,50.1469328,-0.0149646,-0.0012501,19.7816519,-11.7552822
585.0286052,58.2464136,52.1434324,-0.0174343,-0.0012120,18.5572241,-11.7976977
587.0252898,58.2835863,54.1391906,-0.0197912,-0.0010737,17.2411718,-11.5644551
589.0219745,58.3229771,56.1361454,-0.0185117,0.0023597,15.8454051,-8.9090607
591.0186591,58.3512060,58.1284616,-0.0055516,0.0149681,14.6799078,-5.4592757
593.0153438,58.3189413,60.1271735,0.0443538,0.0343925,13.9175713,-3.6215194
595.0120285,58.1544582,62.1041965,0.1259597,0.0473703,13.3879321,-3.4759320
597.0087131,57.8005194,64.0893698,0.2267860,0.0474582,12.8590841,-4.0560050
599.0053978,57.2636688,66.0085366,0.3184689,0.0467199,12.2130634,-4.7612475
601.0020824,56.5429966,67.8945951,0.4094439,0.0410807,11.4081330,-5.9694936
602.9987671,55.6880869,69.6736301,0.4915707,0.0573522,10.3105338,-2.7904782
604.9954518,54.6252957,71.3539368,0.6502536,0.0974006,9.7551882,-0.7786495
606.9921364,53.2596533,72.8072403,0.8667618,0.1225243,9.5944912,-0.1864312
608.9888211,51.5777530,73.8949360,1.1277188,0.1300040,9.5556147,-0.0896362
610.9855057,49.6962363,74.5012660,1.3921615,0.1315774,9.5368665,-0.0657025
612.9821904,47.7053191,74.6171740,1.6200356,0.0930875,9.5231007,-0.7458204
614.9788751,45.7529878,74.3165968,1.8391609,0.1289346,9.3654210,-0.3252011
616.9755597,43.9034397,73.5235405,2.1099265,0.1262307,9.2958304,-0.0538733
618.9722444,42.3350665,72.2900903,2.3700643,0.1392155,9.2842516,-0.0538733
620.9689290,41.1492196,70.6869178,2.6321526,0.1179585,9.2726583,1.8039351
622.9656137,40.3804946,68.8771587,2.8413399,0.0957589,9.6532881,3.0183726
624.9622983,39.9561342,66.9408979,2.9967775,0.0540254,10.2586279,5.2342253
626.9589830,39.7401494,64.9346082,3.0566261,0.0083402,11.2312796,5.2211615
628.9556677,39.5631383,62.9359494,3.0385029,-0.0261063,12.1240120,-1.6348742
630.9523523,39.2780347,60.9378322,2.9520700,-0.0503458,11.8517092,-4.7772641
632.9490370,38.8096581,59.0165912,2.8529176,-0.0502192,11.0175147,-0.0756771
634.9457216,38.1210115,57.1501670,2.7056098,-0.0991052,11.0037914,-0.0756771
636.9424063,37.1064734,55.4559947,2.5025743,-0.0911921,10.9900508,0.9102234
638.9390910,35.7752530,53.9506646,2.3377326,-0.0721512,11.1541954,2.9454741
640.9357756,34.2621342,52.6543931,2.2342135,-0.0313800,11.6695519,5.2148885
642.9324603,32.6805424,51.4659022,2.2068315,0.0013799,12.5301005,-3.7223075
644.9291449,31.0780605,50.2570342,2.2361254,0.0290949,11.9222007,-4.3034415
646.9258296,29.5601415,48.9638008,2.3277390,0.0622203,11.1782663,-4.2370493
648.9225143,28.1788037,47.4596844,2.4719000,0.0724819,10.3939182,-1.9904674
650.9191989,27.0788447,45.8250049,2.6364106,0.1006355,10.0042423,-0.4475294
652.9158836,26.2833869,43.9735893,2.8279256,0.0788478,9.9145203,-0.2987271
654.9125682,25.8214594,42.0749466,2.9961654,0.1211265,9.8541761,-0.0605394
656.9092529,25.7984449,40.1088842,-3.0189438,0.1238863,9.8419017,-0.0605394
658.9059376,26.2728953,38.1389371,-2.8005286,0.0966852,9.8296121,2.5977598
660.9026222,27.0912409,36.3410069,-2.6371928,0.0699898,10.3438430,4.4445609
662.8993069,28.1727654,34.6444548,-2.5190183,0.0459115,11.1688791,5.2220351
664.8959915,29.4004121,33.0647809,-2.4502440,0.0236495,12.0663738,-4.6231182
666.8926762,30.7083228,31.5207022,-2.4420124,-0.0187026,11.2754404,-5.4764548
668.8893608,31.9349577,29.9521029,-2.5291398,-0.0625970,10.2599245,-4.0709666
670.8860455,32.9516016,28.2621380,-2.6798944,-0.0897061,9.4344675,-0.0554922
672.8827302,33.6434540,26.4002516,-2.9071444,-0.1351540,9.4227160,-0.0554922
674.8794148,33.8352623,24.4234092,3.1042077,-0.1300684,9.4109498,0.4250148
676.8760995,33.4964627,22.4473282,2.8368710,-0.1315454,9.5006956,0.0698768
678.8727841,32.6733362,20.6343616,2.6034419,-0.1032279,9.5153697,2.5969268
680.8694688,31.4964383,19.0433205,2.4082947,-0.0937640,10.0455338,2.4749443
682.8661535,30.0448389,17.6910272,2.2376114,-0.0817975,10.5259734,2.8679068
684.8628381,28.3642748,16.5794078,2.0724303,-0.0826986,11.0566146,1.8137921
686.8595228,26.5542414,15.7677446,1.9138653,-0.0780674,11.3794494,1.8099696
688.8562074,24.6166517,15.2423757,1.7585461,-0.0735542,11.6927219,1.8582322
690.8528921,22.6337969,15.0084824,1.6204882,-0.0657196,12.0058466,2.4370649
692.8495768,20.6320167,15.0367367,1.4954332,-0.0583540,12.4045335,2.9247573
694.8462614,18.6592731,15.2956845,1.3877050,-0.0512936,12.8667047,3.4047699
696.8429461,16.7184010,15.7574919,1.2874739,-0.0489704,13.3846402,3.1150480
698.8396307,14.8336067,16.4064388,1.1910427,-0.0483511,13.8415364,2.6167616
700.8363154,13.0177770,17.2350070,1.0942856,-0.0488035,14.2140010,2.0135789
702.8330001,11.2920753,18.2364971,0.9949820,-0.0507583,14.4940950,1.2054605
704.8296847,9.6762370,19.4074323,0.8919834,-0.0522414,14.6592168,0.6393947
706.8263694,8.1894594,20.7421840,0.7859337,-0.0533510,14.7460496,0.2631465
708.8230540,6.8515979,22.2255994,0.6828234,-0.0501938,14.7816379,0.8962532
710.8197387,5.6670004,23.8391786,0.5847325,-0.0472484,14.9022109,1.3684625
712.8164234,4.6463083,25.5465549,0.4938574,-0.0442799,15.0844511,1.7823112
714.8131080,3.7720302,27.3531152,0.4088706,-0.0404499,15.3185539,2.3614529
716.8097927,3.0514946,29.2124792,0.3317581,-0.0366369,15.6233238,2.9048131
718.8064773,2.4698457,31.1115413,0.2644798,-0.0327142,15.9902544,1.4046633
720.8031620,2.0192553,33.0532250,0.1879993,-0.0434144,16.1647016,-0.1629044
722.7998466,1.7357516,35.0215183,0.0974755,-0.0460393,16.1445669,-0.1629044
724.7965313,1.6334420,37.0209387,0.0048590,-0.0450078,16.1244070,0.1356196
726.7932160,1.7092700,39.0164288,-0.0788537,-0.0390929,16.1411920,1.6519797
728.7899006,1.9399865,41.0013117,-0.1499163,-0.0314991,16.3442664,3.4185386
730.7865853,2.2959465,42.9697917,-0.2053479,-0.0237187,16.7566862,5.1245084
732.7832699,2.7436666,44.9159578,-0.2439820,-0.0149812,17.3565719,5.1117184
734.7799546,3.2500184,46.8483114,-0.2661083,-0.0073984,17.9349816,5.0989603
736.7766393,3.7833065,48.7679182,-0.2733729,-0.0000353,18.4939341,-9.5130755
738.7733239,4.3180322,50.6913969,-0.2666908,0.0066946,17.4366388,-8.2809683
740.7700086,4.8255086,52.6177026,-0.2458982,0.0143500,16.4610877,-6.5520279
742.7666932,5.2786409,54.5613221,-0.2094676,0.0228795,15.6461734,-4.7263775
744.7633779,5.6424123,56.5252948,-0.1535115,0.0328193,15.0309205,-3.7790960
746.7600626,5.8780013,58.5070243,-0.0809948,0.0396167,14.5202357,-2.9210117
748.7567472,5.9555065,60.5118156,0.0061971,0.0462085,14.1128511,-2.7724966
750.7534319,5.8491209,62.5092768,0.1013752,0.0496811,13.7149905,-2.7369466
752.7501165,5.5424198,64.4992597,0.2049909,0.0518838,13.3105719,-2.8677276
754.7468012,5.0386999,66.4148295,0.3102697,0.0542375,12.8732059,-2.6962870
756.7434859,4.3307927,68.2781638,0.4138106,0.0480350,12.4479782,-2.3384915
758.7401705,3.4486124,70.0380281,0.5233052,0.0669753,12.0670502,-1.9266238
760.7368552,2.3373274,71.6865724,0.6647261,0.0736628,11.7439337,-0.0859854
762.7335398,0.9720059,73.1734775,0.8254529,0.0872241,11.7293055,-0.0859854
764.7302245,-0.5983684,74.4088541,0.9744513,0.0625947,11.7146591,3.3241503
766.7269092,-2.3142868,75.4357785,1.0851576,0.0523419,12.2681619,4.0280655
768.7235938,-4.1192134,76.2742195,1.1848691,0.0468771,12.9071046,1.7947557
770.7202785,-5.9954067,76.9264371,1.2934931,0.0634206,13.1818236,-0.1083299
772.7169631,-7.9442489,77.3406936,1.4313060,0.0692330,13.1654043,-0.1083299
774.7136478,-9.9417849,77.4848046,1.5645470,0.0641378,13.1489646,0.8028193
776.7103324,-11.9356681,77.3726718,1.6878987,0.0599202,13.2703136,-1.0697261
778.7070171,-13.9109907,77.0190768,1.8079243,0.0591260,13.1083718,-1.7735913
780.7037018,-15.8241439,76.4366674,1.9243624,0.0581719,12.8353733,-2.2114374
782.7003864,-17.6682785,75.6304976,2.0401286,0.0548129,12.4866217,-3.2676168
784.6970711,-19.3807058,74.6468338,2.1428855,0.0525727,11.9526951,-4.5686721
786.6937557,-20.9909869,73.4778375,2.2570473,0.0598797,11.1634459,-1.8159505
788.6904404,-22.4402193,72.1227170,2.3984422,0.0873932,10.8337788,-0.2227320
790.6871251,-23.6418970,70.5302383,2.5968039,0.1017336,10.7926509,-0.0726196
792.6838097,-24.4994308,68.7235171,2.8007994,0.1032779,10.7792076,-0.0726196
794.6804944,-24.9786575,66.7818061,2.9947367,0.0922288,10.7657475,1.2381179
796.6771790,-25.0947129,64.7997782,-3.1197738,0.0685631,10.9929787,3.6389288
798.6738637,-24.9449662,62.8184141,-3.0252301,0.0361195,11.6351695,5.2153893
800.6705484,-24.6347051,60.8495193,-2.9419585,0.0463475,12.4981656,4.6627045
802.6672330,-24.1447698,58.9076620,-2.8464172,0.0489701,13.2221044,2.5947412
804.6639177,-23.4619296,57.0199440,-2.7402842,0.0523610,13.6082991,-1.2526978
806.6606023,-22.6012974,55.2207728,-2.6583703,0.0289351,13.4232380,-6.4099466
808.6572870,-21.6413108,53.4698040,-2.6348556,-0.0088033,12.4332633,-5.2058714
810.6539717,-20.7164104,51.7091293,-2.6952841,-0.0514044,11.5670683,-1.6717850
812.6506563,-19.9727807,49.8666953,-2.8308767,-0.0818721,11.2747955,-1.0408191
814.6473410,-19.5207380,47.9170135,-2.9924568,-0.0739343,11.0889422,-2.7406675
816.6440256,-19.3694065,45.9123713,-3.1413172,-0.0758156,10.5839568,-2.7265834
818.6407103,-19.5153264,43.9040532,3.0001344,-0.0643114,10.0564351,-3.3767776
820.6373950,-19.9251491,41.9532615,2.8562128,-0.0990106,9.3620065,-0.0546431
822.6340796,-20.6971525,40.1486037,2.6028088,-0.1372543,9.3503453,-0.0546431
824.6307643,-21.9216161,38.5752732,2.3713519,-0.0964905,9.3386694,3.5304883
826.6274489,-23.4146747,37.2886873,2.1984405,-0.0774351,10.0652516,4.0917825
828.6241336,-25.0987170,36.2309934,2.0776130,-0.0398719,10.8466257,5.2264692
830.6208182,-26.8982702,35.2973595,2.0321293,-0.0069457,11.7694737,-3.0855682
832.6175029,-28.6864789,34.3930176,2.0597813,0.0349004,11.2338194,-5.0476127
834.6141876,-30.4148407,33.3597778,2.1703242,0.0661878,10.2976558,-4.5273212
836.6108722,-31.9613967,32.1341800,2.3178685,0.0855781,9.3788299,-0.9464125
838.6075569,-33.2785260,30.6376187,2.5380094,0.1319292,9.1751335,-0.5718552
840.6042415,-34.1766785,28.8618807,2.8067066,0.1314417,9.0498313,-0.0510597
842.6009262,-34.5654840,26.9058693,3.0933842,0.1468868,9.0385589,-0.0510597
844.5976109,-34.4232143,24.9227830,-2.9796741,0.0591948,9.0272723,5.2490677
846.5942955,-33.9957191,23.0125177,-2.8510744,0.0824308,10.1219125,3.4906716
848.5909802,-33.2670659,21.1552447,-2.6878599,0.0752989,10.7885427,3.1630104
850.5876648,-32.2406904,19.4057770,-2.5311378,0.0843093,11.3588609,1.0414556